   ;JUDET;CATEGORIE_NATIONALA;CATEGORIE_COMUNITARA;MARCA;DESCRIERE_COMERCIALA;TOTAL_VEHICULE
475;ALBA;AUTOTURISM;M1     ;BMW;114D;3
476;ALBA;AUTOTURISM;M1     ;BMW;114I;5
477;ALBA;AUTOTURISM;M1     ;BMW;116;4
478;ALBA;AUTOTURISM;M1     ;BMW;116 D;2
479;ALBA;AUTOTURISM;M1     ;BMW;116 I;13
480;ALBA;AUTOTURISM;M1     ;BMW;116D;75
481;ALBA;AUTOTURISM;M1     ;BMW;116D EFFICIENT DYNAMICS;1
482;ALBA;AUTOTURISM;M1     ;BMW;116ED;13
483;ALBA;AUTOTURISM;M1     ;BMW;116I;112
484;ALBA;AUTOTURISM;M1     ;BMW;118 D;73
485;ALBA;AUTOTURISM;M1     ;BMW;118 I;5
486;ALBA;AUTOTURISM;M1     ;BMW;118D;260
487;ALBA;AUTOTURISM;M1     ;BMW;118D SE;1
955;ALBA;AUTOTURISM;M1     ;DACIA;1100;1
956;ALBA;AUTOTURISM;M1     ;DACIA;1300;8
957;ALBA;AUTOTURISM;M1     ;DACIA;1310;47
958;ALBA;AUTOTURISM;M1     ;DACIA;1310 MLS;1
959;ALBA;AUTOTURISM;M1     ;DACIA;1310 TX;2
960;ALBA;AUTOTURISM;M1     ;DACIA;1325;1
961;ALBA;AUTOTURISM;M1     ;DACIA;BIGSTER;22
962;ALBA;AUTOTURISM;M1     ;DACIA;D0KKER;3
963;ALBA;AUTOTURISM;M1     ;DACIA;DOKKER;181
964;ALBA;AUTOTURISM;M1     ;DACIA;DUSTER;3274
965;ALBA;AUTOTURISM;M1     ;DACIA;JOGGER;46
966;ALBA;AUTOTURISM;M1     ;DACIA;LODGY;178
967;ALBA;AUTOTURISM;M1     ;DACIA;LOGAN;6651
1020;ALBA;AUTOTURISM;M1     ;FIAT;1100D;1
1021;ALBA;AUTOTURISM;M1     ;FIAT;500;44
1022;ALBA;AUTOTURISM;M1     ;FIAT;500 ABARTH;1
1023;ALBA;AUTOTURISM;M1     ;FIAT;500 L;5
1024;ALBA;AUTOTURISM;M1     ;FIAT;500L;7
1025;ALBA;AUTOTURISM;M1     ;FIAT;500X;9
1026;ALBA;AUTOTURISM;M1     ;FIAT;600;2
1027;ALBA;AUTOTURISM;M1     ;FIAT;ABARTH 500;1
1028;ALBA;AUTOTURISM;M1     ;FIAT;ALBEA;54
1029;ALBA;AUTOTURISM;M1     ;FIAT;BARCHETTA;7
1030;ALBA;AUTOTURISM;M1     ;FIAT;BRAVA;36
1031;ALBA;AUTOTURISM;M1     ;FIAT;BRAVO;75
1032;ALBA;AUTOTURISM;M1     ;FIAT;CINQUECENTO;12
1080;ALBA;AUTOTURISM;M1     ;FORD;100L;1
1081;ALBA;AUTOTURISM;M1     ;FORD;A;1
1082;ALBA;AUTOTURISM;M1     ;FORD;B-MAX;10
1083;ALBA;AUTOTURISM;M1     ;FORD;C MAX;2
1084;ALBA;AUTOTURISM;M1     ;FORD;C-MAX;93
1085;ALBA;AUTOTURISM;M1     ;FORD;CMAX;2
1086;ALBA;AUTOTURISM;M1     ;FORD;COUGAR;2
1087;ALBA;AUTOTURISM;M1     ;FORD;COURIER;9
1088;ALBA;AUTOTURISM;M1     ;FORD;ECOBOOST FASTBACK;1
1089;ALBA;AUTOTURISM;M1     ;FORD;ECOSPORT;77
1090;ALBA;AUTOTURISM;M1     ;FORD;EDGE;10
1091;ALBA;AUTOTURISM;M1     ;FORD;ESCORT;189
1092;ALBA;AUTOTURISM;M1     ;FORD;ESCORT 1.8D;1
1196;ALBA;AUTOTURISM;M1     ;HYUNDAI;ACCENT;316
1197;ALBA;AUTOTURISM;M1     ;HYUNDAI;ATOS;15
1198;ALBA;AUTOTURISM;M1     ;HYUNDAI;ATOS PRIME;8
1199;ALBA;AUTOTURISM;M1     ;HYUNDAI;ATOS-PRIME;11
1200;ALBA;AUTOTURISM;M1     ;HYUNDAI;BAYON;21
1201;ALBA;AUTOTURISM;M1     ;HYUNDAI;COUPE;38
1202;ALBA;AUTOTURISM;M1     ;HYUNDAI;ELANTRA;96
1203;ALBA;AUTOTURISM;M1     ;HYUNDAI;GALLOPER;58
1204;ALBA;AUTOTURISM;M1     ;HYUNDAI;GETZ;67
1205;ALBA;AUTOTURISM;M1     ;HYUNDAI;GK;1
1206;ALBA;AUTOTURISM;M1     ;HYUNDAI;GRAND SANTA FE;6
1207;ALBA;AUTOTURISM;M1     ;HYUNDAI;GRANDEUR;1
1208;ALBA;AUTOTURISM;M1     ;HYUNDAI;H-1;5
1316;ALBA;AUTOTURISM;M1     ;KIA;CARENS;22
1317;ALBA;AUTOTURISM;M1     ;KIA;CARENS OR RONDO;1
1318;ALBA;AUTOTURISM;M1     ;KIA;CARNIVAL;7
1319;ALBA;AUTOTURISM;M1     ;KIA;CEE D/SW/CRDI/1.6/MOTION/90;1
1320;ALBA;AUTOTURISM;M1     ;KIA;CEE'D;105
1321;ALBA;AUTOTURISM;M1     ;KIA;CEED;22
1322;ALBA;AUTOTURISM;M1     ;KIA;CEE`D;9
1323;ALBA;AUTOTURISM;M1     ;KIA;CERATO;13
1324;ALBA;AUTOTURISM;M1     ;KIA;CLARUS;1
1325;ALBA;AUTOTURISM;M1     ;KIA;ED;3
1326;ALBA;AUTOTURISM;M1     ;KIA;EV6;1
1327;ALBA;AUTOTURISM;M1     ;KIA;KM, SPORTAGE;2
1328;ALBA;AUTOTURISM;M1     ;KIA;MAGENTIS;1
1731;ALBA;AUTOTURISM;M1     ;MERCEDES-BENZ;180;1
1732;ALBA;AUTOTURISM;M1     ;MERCEDES-BENZ;180 B;1
1733;ALBA;AUTOTURISM;M1     ;MERCEDES-BENZ;190;1
1734;ALBA;AUTOTURISM;M1     ;MERCEDES-BENZ;190 D;6
1735;ALBA;AUTOTURISM;M1     ;MERCEDES-BENZ;190 E;1
1736;ALBA;AUTOTURISM;M1     ;MERCEDES-BENZ;190D;1
1737;ALBA;AUTOTURISM;M1     ;MERCEDES-BENZ;190E;7
1738;ALBA;AUTOTURISM;M1     ;MERCEDES-BENZ;200;1
1739;ALBA;AUTOTURISM;M1     ;MERCEDES-BENZ;200 CE;1
1740;ALBA;AUTOTURISM;M1     ;MERCEDES-BENZ;200 D;3
1741;ALBA;AUTOTURISM;M1     ;MERCEDES-BENZ;200 E;1
1742;ALBA;AUTOTURISM;M1     ;MERCEDES-BENZ;200 TE;1
1743;ALBA;AUTOTURISM;M1     ;MERCEDES-BENZ;200CE;2
2467;ALBA;AUTOTURISM;M1     ;OPEL;-;2
2468;ALBA;AUTOTURISM;M1     ;OPEL;ADAM;4
2469;ALBA;AUTOTURISM;M1     ;OPEL;AGILA;223
2470;ALBA;AUTOTURISM;M1     ;OPEL;AGILA-A;13
2471;ALBA;AUTOTURISM;M1     ;OPEL;ANTARA;129
2472;ALBA;AUTOTURISM;M1     ;OPEL;ASCONA;1
2473;ALBA;AUTOTURISM;M1     ;OPEL;ASTRA;1580
2474;ALBA;AUTOTURISM;M1     ;OPEL;ASTRA +;4
2475;ALBA;AUTOTURISM;M1     ;OPEL;ASTRA 1.9CDTI;3
2476;ALBA;AUTOTURISM;M1     ;OPEL;ASTRA CABRIO;2
2477;ALBA;AUTOTURISM;M1     ;OPEL;ASTRA CARAVAN;97
2478;ALBA;AUTOTURISM;M1     ;OPEL;ASTRA G;2
2479;ALBA;AUTOTURISM;M1     ;OPEL;ASTRA G-CC;5
2585;ALBA;AUTOTURISM;M1     ;PEUGEOT;1007;20
2586;ALBA;AUTOTURISM;M1     ;PEUGEOT;106;36
2587;ALBA;AUTOTURISM;M1     ;PEUGEOT;106 XR;1
2588;ALBA;AUTOTURISM;M1     ;PEUGEOT;107;81
2589;ALBA;AUTOTURISM;M1     ;PEUGEOT;107 URBAN 1,0;2
2590;ALBA;AUTOTURISM;M1     ;PEUGEOT;108;1
2591;ALBA;AUTOTURISM;M1     ;PEUGEOT;2008;92
2592;ALBA;AUTOTURISM;M1     ;PEUGEOT;205;2
2593;ALBA;AUTOTURISM;M1     ;PEUGEOT;206;560
2594;ALBA;AUTOTURISM;M1     ;PEUGEOT;206 CC;11
2595;ALBA;AUTOTURISM;M1     ;PEUGEOT;206+;57
2596;ALBA;AUTOTURISM;M1     ;PEUGEOT;206CC;10
2597;ALBA;AUTOTURISM;M1     ;PEUGEOT;207;353
2665;ALBA;AUTOTURISM;M1     ;RENAULT;10;1
2666;ALBA;AUTOTURISM;M1     ;RENAULT;10 MAJOR;1
2667;ALBA;AUTOTURISM;M1     ;RENAULT;12 TL;1
2668;ALBA;AUTOTURISM;M1     ;RENAULT;12 TS;1
2669;ALBA;AUTOTURISM;M1     ;RENAULT;16;2
2670;ALBA;AUTOTURISM;M1     ;RENAULT;19;14
2671;ALBA;AUTOTURISM;M1     ;RENAULT;19 CABRIO;2
2672;ALBA;AUTOTURISM;M1     ;RENAULT;21;1
2673;ALBA;AUTOTURISM;M1     ;RENAULT;21 NEVADA;1
2674;ALBA;AUTOTURISM;M1     ;RENAULT;25;1
2675;ALBA;AUTOTURISM;M1     ;RENAULT;ARKANA;36
2676;ALBA;AUTOTURISM;M1     ;RENAULT;ARKANA E-TECH;23
2677;ALBA;AUTOTURISM;M1     ;RENAULT;AUSTRAL;41
2790;ALBA;AUTOTURISM;M1     ;SKODA;CITIGO;12
2791;ALBA;AUTOTURISM;M1     ;SKODA;ELROQ 85;1
2792;ALBA;AUTOTURISM;M1     ;SKODA;ENYAQ 80X;2
2793;ALBA;AUTOTURISM;M1     ;SKODA;FABIA;2217
2794;ALBA;AUTOTURISM;M1     ;SKODA;FABIA COMBI;9
2795;ALBA;AUTOTURISM;M1     ;SKODA;FABIA PRAKTIK;2
2796;ALBA;AUTOTURISM;M1     ;SKODA;FAVORIT;1
2797;ALBA;AUTOTURISM;M1     ;SKODA;FELICIA;17
2798;ALBA;AUTOTURISM;M1     ;SKODA;FELICIA COMBI;1
2799;ALBA;AUTOTURISM;M1     ;SKODA;KAMIQ;55
2800;ALBA;AUTOTURISM;M1     ;SKODA;KAROQ;93
2801;ALBA;AUTOTURISM;M1     ;SKODA;KODIAQ;91
2802;ALBA;AUTOTURISM;M1     ;SKODA;OCTAVI;3
2878;ALBA;AUTOTURISM;M1     ;SUZUKI;413;1
2879;ALBA;AUTOTURISM;M1     ;SUZUKI;ALTO;16
2880;ALBA;AUTOTURISM;M1     ;SUZUKI;BALENO;9
2881;ALBA;AUTOTURISM;M1     ;SUZUKI;ESCUDO;1
2882;ALBA;AUTOTURISM;M1     ;SUZUKI;GRAND  VITARA;1
2883;ALBA;AUTOTURISM;M1     ;SUZUKI;GRAND VITARA;856
2884;ALBA;AUTOTURISM;M1     ;SUZUKI;GRAND VITARA XL-7;86
2885;ALBA;AUTOTURISM;M1     ;SUZUKI;IGNIS;146
2886;ALBA;AUTOTURISM;M1     ;SUZUKI;JIMNY;219
2887;ALBA;AUTOTURISM;M1     ;SUZUKI;LIANA;15
2888;ALBA;AUTOTURISM;M1     ;SUZUKI;S-CROSS;23
2889;ALBA;AUTOTURISM;M1     ;SUZUKI;SAMURAI;97
2890;ALBA;AUTOTURISM;M1     ;SUZUKI;SANTANA;7
2918;ALBA;AUTOTURISM;M1     ;TESLA;MODEL 3;50
2919;ALBA;AUTOTURISM;M1     ;TESLA;MODEL S;2
2920;ALBA;AUTOTURISM;M1     ;TESLA;MODEL X;3
2921;ALBA;AUTOTURISM;M1     ;TESLA;MODEL Y;25
2923;ALBA;AUTOTURISM;M1     ;TOYOTA;4 RUNNER;5
2924;ALBA;AUTOTURISM;M1     ;TOYOTA;AURIS;86
2925;ALBA;AUTOTURISM;M1     ;TOYOTA;AVENSIS;162
2926;ALBA;AUTOTURISM;M1     ;TOYOTA;AVENSIS VERSO;3
2927;ALBA;AUTOTURISM;M1     ;TOYOTA;AYGO;57
2928;ALBA;AUTOTURISM;M1     ;TOYOTA;AYGO X;9
2929;ALBA;AUTOTURISM;M1     ;TOYOTA;BZ4X;1
2930;ALBA;AUTOTURISM;M1     ;TOYOTA;C-HR;110
2931;ALBA;AUTOTURISM;M1     ;TOYOTA;CAMRY;10
2932;ALBA;AUTOTURISM;M1     ;TOYOTA;CARINA;2
2933;ALBA;AUTOTURISM;M1     ;TOYOTA;CARINA E;2
2934;ALBA;AUTOTURISM;M1     ;TOYOTA;CARINA-E;1
2935;ALBA;AUTOTURISM;M1     ;TOYOTA;CELICA;20
3014;ALBA;AUTOTURISM;M1     ;VOLKSWAGEN;1200;1
3015;ALBA;AUTOTURISM;M1     ;VOLKSWAGEN;1300;1
3016;ALBA;AUTOTURISM;M1     ;VOLKSWAGEN;1302;1
3017;ALBA;AUTOTURISM;M1     ;VOLKSWAGEN;1303 S;1
3018;ALBA;AUTOTURISM;M1     ;VOLKSWAGEN;1600;1
3019;ALBA;AUTOTURISM;M1     ;VOLKSWAGEN;ALHAMBRA;1
3020;ALBA;AUTOTURISM;M1     ;VOLKSWAGEN;ARTEON;33
3021;ALBA;AUTOTURISM;M1     ;VOLKSWAGEN;BEETLE;16
3022;ALBA;AUTOTURISM;M1     ;VOLKSWAGEN;BORA;746
3023;ALBA;AUTOTURISM;M1     ;VOLKSWAGEN;BORA  VARIANT;9
3024;ALBA;AUTOTURISM;M1     ;VOLKSWAGEN;BORA VARIANT;55
3025;ALBA;AUTOTURISM;M1     ;VOLKSWAGEN;CADDY;294
3026;ALBA;AUTOTURISM;M1     ;VOLKSWAGEN;CADDY LIFE;200
13522;ARAD;AUTOTURISM;M1     ;TESLA;MODEL 3;70
13523;ARAD;AUTOTURISM;M1     ;TESLA;MODEL S;5
13524;ARAD;AUTOTURISM;M1     ;TESLA;MODEL X;3
13525;ARAD;AUTOTURISM;M1     ;TESLA;MODEL Y;46
14135;ARAD;AUTOTURISM;M1G    ;TESLA;MODEL X;1
24747;ARGES;AUTOTURISM;M1     ;TESLA;MODEL 3;128
24748;ARGES;AUTOTURISM;M1     ;TESLA;MODEL S;9
24749;ARGES;AUTOTURISM;M1     ;TESLA;MODEL X;8
24750;ARGES;AUTOTURISM;M1     ;TESLA;MODEL Y;41
